<?xml version="1.0" encoding="UTF-8"?>
<Capabilities xmlns="http://www.opengis.net/wmts/1.0" xmlns:ows="http://www.opengis.net/ows/1.1" xmlns:xlink="http://www.w3.org/1999/xlink" xmlns:xsi="http://www.w3.org/2001/XMLSchema-instance" xmlns:gml="http://www.opengis.net/gml" xsi:schemaLocation="http://www.opengis.net/wmts/1.0 http://schemas.opengis.net/wmts/1.0/wmtsGetCapabilities_response.xsd" version="1.0.0">
    <!-- Service Identification -->
    <ows:ServiceIdentification>
        <ows:Title>Vegetation_Mapping_Texas_Ecological_Mapping_Systems_Data</ows:Title>
        <ows:ServiceType>OGC WMTS</ows:ServiceType>
        <ows:ServiceTypeVersion>1.0.0</ows:ServiceTypeVersion>
    </ows:ServiceIdentification>
    <!-- Operations Metadata -->
    <ows:OperationsMetadata>
        <ows:Operation name="GetCapabilities">
            <ows:DCP>
                <ows:HTTP>
                    <ows:Get xlink:href="https://tpwd.texas.gov/arcgis/rest/services/Vegetation_Mapping/Texas_Ecological_Mapping_Systems_Data/mapserver/WMTS/1.0.0/WMTSCapabilities.xml">
                        <ows:Constraint name="GetEncoding">
                            <ows:AllowedValues>
                                <ows:Value>RESTful</ows:Value>
                            </ows:AllowedValues>
                        </ows:Constraint>
                    </ows:Get>
                    <!-- add KVP binding in 10.1 -->
                    <ows:Get xlink:href="https://tpwd.texas.gov/arcgis/rest/services/Vegetation_Mapping/Texas_Ecological_Mapping_Systems_Data/mapserver/WMTS?">
                        <ows:Constraint name="GetEncoding">
                            <ows:AllowedValues>
                                <ows:Value>KVP</ows:Value>
                            </ows:AllowedValues>
                        </ows:Constraint>
                    </ows:Get>
                </ows:HTTP>
            </ows:DCP>
        </ows:Operation>
        <ows:Operation name="GetTile">
            <ows:DCP>
                <ows:HTTP>
                    <ows:Get xlink:href="https://tpwd.texas.gov/arcgis/rest/services/Vegetation_Mapping/Texas_Ecological_Mapping_Systems_Data/mapserver/WMTS/tile/1.0.0/">
                        <ows:Constraint name="GetEncoding">
                            <ows:AllowedValues>
                                <ows:Value>RESTful</ows:Value>
                            </ows:AllowedValues>
                        </ows:Constraint>
                    </ows:Get>
                    <ows:Get xlink:href="https://tpwd.texas.gov/arcgis/rest/services/Vegetation_Mapping/Texas_Ecological_Mapping_Systems_Data/mapserver/WMTS?">
                        <ows:Constraint name="GetEncoding">
                            <ows:AllowedValues>
                                <ows:Value>KVP</ows:Value>
                            </ows:AllowedValues>
                        </ows:Constraint>
                    </ows:Get>
                </ows:HTTP>
            </ows:DCP>
        </ows:Operation>
    </ows:OperationsMetadata>
    <Contents>
        <!--Layer-->
        <Layer>
            <ows:Title>Vegetation_Mapping_Texas_Ecological_Mapping_Systems_Data</ows:Title>
            <ows:Identifier>Vegetation_Mapping_Texas_Ecological_Mapping_Systems_Data</ows:Identifier>
            <ows:BoundingBox crs="urn:ogc:def:crs:EPSG::3857">
                <ows:LowerCorner>-1.1871738947370585E7 2978917.2452551257</ows:LowerCorner>
                <ows:UpperCorner>-1.0409236915391343E7 4369740.766492118</ows:UpperCorner>
            </ows:BoundingBox>
            <ows:WGS84BoundingBox crs="urn:ogc:def:crs:OGC:2:84">
                <ows:LowerCorner>-106.64564545499996 25.83708557144192</ows:LowerCorner>
                <ows:UpperCorner>-93.50776617117185 36.50072396100006</ows:UpperCorner>
            </ows:WGS84BoundingBox>
            <Style isDefault="true">
                <ows:Title>Default Style</ows:Title>
                <ows:Identifier>default</ows:Identifier>
            </Style>
            <Format>image/png</Format>
            <TileMatrixSetLink>
                <TileMatrixSet>default028mm</TileMatrixSet>
            </TileMatrixSetLink>
            <TileMatrixSetLink>
                <!--Only show this TileMatrixSet if the tiling scheme is compliant to Google Maps (and that happens with tile width = 256 px)-->
                <TileMatrixSet>GoogleMapsCompatible</TileMatrixSet>
            </TileMatrixSetLink>
            <ResourceURL format="image/png" resourceType="tile" template="https://tpwd.texas.gov/arcgis/rest/services/Vegetation_Mapping/Texas_Ecological_Mapping_Systems_Data/mapserver/WMTS/tile/1.0.0/Vegetation_Mapping_Texas_Ecological_Mapping_Systems_Data/{Style}/{TileMatrixSet}/{TileMatrix}/{TileRow}/{TileCol}.png" />
        </Layer>
        <!--TileMatrixSet-->
        <TileMatrixSet>
            <ows:Title>TileMatrix using 0.28mm</ows:Title>
            <ows:Abstract>The tile matrix set that has scale values calculated based on the dpi defined by OGC specification (dpi assumes 0.28mm as the physical distance of a pixel).</ows:Abstract>
            <ows:Identifier>default028mm</ows:Identifier>
            <ows:SupportedCRS>urn:ogc:def:crs:EPSG::3857</ows:SupportedCRS>
            <TileMatrix>
                <ows:Identifier>0</ows:Identifier>
                <ScaleDenominator>5.590822640285016E8</ScaleDenominator>
                <TopLeftCorner>-2.0037508342787E7 2.0037508342787E7</TopLeftCorner>
                <TileWidth>256</TileWidth>
                <TileHeight>256</TileHeight>
                <MatrixWidth>1</MatrixWidth>
                <MatrixHeight>1</MatrixHeight>
            </TileMatrix>
            <TileMatrix>
                <ows:Identifier>1</ows:Identifier>
                <ScaleDenominator>2.7954113201425034E8</ScaleDenominator>
                <TopLeftCorner>-2.0037508342787E7 2.0037508342787E7</TopLeftCorner>
                <TileWidth>256</TileWidth>
                <TileHeight>256</TileHeight>
                <MatrixWidth>1</MatrixWidth>
                <MatrixHeight>1</MatrixHeight>
            </TileMatrix>
            <TileMatrix>
                <ows:Identifier>2</ows:Identifier>
                <ScaleDenominator>1.3977056600712562E8</ScaleDenominator>
                <TopLeftCorner>-2.0037508342787E7 2.0037508342787E7</TopLeftCorner>
                <TileWidth>256</TileWidth>
                <TileHeight>256</TileHeight>
                <MatrixWidth>1</MatrixWidth>
                <MatrixHeight>2</MatrixHeight>
            </TileMatrix>
            <TileMatrix>
                <ows:Identifier>3</ows:Identifier>
                <ScaleDenominator>6.988528300356235E7</ScaleDenominator>
                <TopLeftCorner>-2.0037508342787E7 2.0037508342787E7</TopLeftCorner>
                <TileWidth>256</TileWidth>
                <TileHeight>256</TileHeight>
                <MatrixWidth>2</MatrixWidth>
                <MatrixHeight>4</MatrixHeight>
            </TileMatrix>
            <TileMatrix>
                <ows:Identifier>4</ows:Identifier>
                <ScaleDenominator>3.494264150178117E7</ScaleDenominator>
                <TopLeftCorner>-2.0037508342787E7 2.0037508342787E7</TopLeftCorner>
                <TileWidth>256</TileWidth>
                <TileHeight>256</TileHeight>
                <MatrixWidth>4</MatrixWidth>
                <MatrixHeight>7</MatrixHeight>
            </TileMatrix>
            <TileMatrix>
                <ows:Identifier>5</ows:Identifier>
                <ScaleDenominator>1.7471320750890587E7</ScaleDenominator>
                <TopLeftCorner>-2.0037508342787E7 2.0037508342787E7</TopLeftCorner>
                <TileWidth>256</TileWidth>
                <TileHeight>256</TileHeight>
                <MatrixWidth>8</MatrixWidth>
                <MatrixHeight>14</MatrixHeight>
            </TileMatrix>
            <TileMatrix>
                <ows:Identifier>6</ows:Identifier>
                <ScaleDenominator>8735660.375445293</ScaleDenominator>
                <TopLeftCorner>-2.0037508342787E7 2.0037508342787E7</TopLeftCorner>
                <TileWidth>256</TileWidth>
                <TileHeight>256</TileHeight>
                <MatrixWidth>16</MatrixWidth>
                <MatrixHeight>28</MatrixHeight>
            </TileMatrix>
            <TileMatrix>
                <ows:Identifier>7</ows:Identifier>
                <ScaleDenominator>4367830.187722647</ScaleDenominator>
                <TopLeftCorner>-2.0037508342787E7 2.0037508342787E7</TopLeftCorner>
                <TileWidth>256</TileWidth>
                <TileHeight>256</TileHeight>
                <MatrixWidth>31</MatrixWidth>
                <MatrixHeight>55</MatrixHeight>
            </TileMatrix>
            <TileMatrix>
                <ows:Identifier>8</ows:Identifier>
                <ScaleDenominator>2183915.0938617955</ScaleDenominator>
                <TopLeftCorner>-2.0037508342787E7 2.0037508342787E7</TopLeftCorner>
                <TileWidth>256</TileWidth>
                <TileHeight>256</TileHeight>
                <MatrixWidth>62</MatrixWidth>
                <MatrixHeight>109</MatrixHeight>
            </TileMatrix>
            <TileMatrix>
                <ows:Identifier>9</ows:Identifier>
                <ScaleDenominator>1091957.5469304253</ScaleDenominator>
                <TopLeftCorner>-2.0037508342787E7 2.0037508342787E7</TopLeftCorner>
                <TileWidth>256</TileWidth>
                <TileHeight>256</TileHeight>
                <MatrixWidth>124</MatrixWidth>
                <MatrixHeight>218</MatrixHeight>
            </TileMatrix>
            <TileMatrix>
                <ows:Identifier>10</ows:Identifier>
                <ScaleDenominator>545978.7734656851</ScaleDenominator>
                <TopLeftCorner>-2.0037508342787E7 2.0037508342787E7</TopLeftCorner>
                <TileWidth>256</TileWidth>
                <TileHeight>256</TileHeight>
                <MatrixWidth>247</MatrixWidth>
                <MatrixHeight>436</MatrixHeight>
            </TileMatrix>
            <TileMatrix>
                <ows:Identifier>11</ows:Identifier>
                <ScaleDenominator>272989.38673237007</ScaleDenominator>
                <TopLeftCorner>-2.0037508342787E7 2.0037508342787E7</TopLeftCorner>
                <TileWidth>256</TileWidth>
                <TileHeight>256</TileHeight>
                <MatrixWidth>493</MatrixWidth>
                <MatrixHeight>872</MatrixHeight>
            </TileMatrix>
            <TileMatrix>
                <ows:Identifier>12</ows:Identifier>
                <ScaleDenominator>136494.69336618503</ScaleDenominator>
                <TopLeftCorner>-2.0037508342787E7 2.0037508342787E7</TopLeftCorner>
                <TileWidth>256</TileWidth>
                <TileHeight>256</TileHeight>
                <MatrixWidth>985</MatrixWidth>
                <MatrixHeight>1744</MatrixHeight>
            </TileMatrix>
            <TileMatrix>
                <ows:Identifier>13</ows:Identifier>
                <ScaleDenominator>68247.34668309252</ScaleDenominator>
                <TopLeftCorner>-2.0037508342787E7 2.0037508342787E7</TopLeftCorner>
                <TileWidth>256</TileWidth>
                <TileHeight>256</TileHeight>
                <MatrixWidth>1969</MatrixWidth>
                <MatrixHeight>3488</MatrixHeight>
            </TileMatrix>
            <TileMatrix>
                <ows:Identifier>14</ows:Identifier>
                <ScaleDenominator>34123.67334154626</ScaleDenominator>
                <TopLeftCorner>-2.0037508342787E7 2.0037508342787E7</TopLeftCorner>
                <TileWidth>256</TileWidth>
                <TileHeight>256</TileHeight>
                <MatrixWidth>3937</MatrixWidth>
                <MatrixHeight>6975</MatrixHeight>
            </TileMatrix>
            <TileMatrix>
                <ows:Identifier>15</ows:Identifier>
                <ScaleDenominator>17061.836671245605</ScaleDenominator>
                <TopLeftCorner>-2.0037508342787E7 2.0037508342787E7</TopLeftCorner>
                <TileWidth>256</TileWidth>
                <TileHeight>256</TileHeight>
                <MatrixWidth>7873</MatrixWidth>
                <MatrixHeight>13949</MatrixHeight>
            </TileMatrix>
            <TileMatrix>
                <ows:Identifier>16</ows:Identifier>
                <ScaleDenominator>8530.918335622802</ScaleDenominator>
                <TopLeftCorner>-2.0037508342787E7 2.0037508342787E7</TopLeftCorner>
                <TileWidth>256</TileWidth>
                <TileHeight>256</TileHeight>
                <MatrixWidth>15746</MatrixWidth>
                <MatrixHeight>27897</MatrixHeight>
            </TileMatrix>
            <TileMatrix>
                <ows:Identifier>17</ows:Identifier>
                <ScaleDenominator>4265.459167338929</ScaleDenominator>
                <TopLeftCorner>-2.0037508342787E7 2.0037508342787E7</TopLeftCorner>
                <TileWidth>256</TileWidth>
                <TileHeight>256</TileHeight>
                <MatrixWidth>31491</MatrixWidth>
                <MatrixHeight>55793</MatrixHeight>
            </TileMatrix>
            <TileMatrix>
                <ows:Identifier>18</ows:Identifier>
                <ScaleDenominator>2132.729584141936</ScaleDenominator>
                <TopLeftCorner>-2.0037508342787E7 2.0037508342787E7</TopLeftCorner>
                <TileWidth>256</TileWidth>
                <TileHeight>256</TileHeight>
                <MatrixWidth>62982</MatrixWidth>
                <MatrixHeight>111586</MatrixHeight>
            </TileMatrix>
            <TileMatrix>
                <ows:Identifier>19</ows:Identifier>
                <ScaleDenominator>1066.3647915984968</ScaleDenominator>
                <TopLeftCorner>-2.0037508342787E7 2.0037508342787E7</TopLeftCorner>
                <TileWidth>256</TileWidth>
                <TileHeight>256</TileHeight>
                <MatrixWidth>125964</MatrixWidth>
                <MatrixHeight>223172</MatrixHeight>
            </TileMatrix>
        </TileMatrixSet>
        <TileMatrixSet>
            <ows:Title>GoogleMapsCompatible</ows:Title>
            <ows:Abstract>the wellknown 'GoogleMapsCompatible' tile matrix set defined by OGC WMTS specification</ows:Abstract>
            <ows:Identifier>GoogleMapsCompatible</ows:Identifier>
            <ows:SupportedCRS>urn:ogc:def:crs:EPSG:6.18.3:3857</ows:SupportedCRS>
            <WellKnownScaleSet>urn:ogc:def:wkss:OGC:1.0:GoogleMapsCompatible</WellKnownScaleSet>
            <TileMatrix>
                <ows:Identifier>0</ows:Identifier>
                <ScaleDenominator>559082264.0287178</ScaleDenominator>
                <TopLeftCorner>-20037508.34278925 20037508.34278925</TopLeftCorner>
                <TileWidth>256</TileWidth>
                <TileHeight>256</TileHeight>
                <MatrixWidth>1</MatrixWidth>
                <MatrixHeight>1</MatrixHeight>
            </TileMatrix>
            <TileMatrix>
                <ows:Identifier>1</ows:Identifier>
                <ScaleDenominator>279541132.0143589</ScaleDenominator>
                <TopLeftCorner>-20037508.34278925 20037508.34278925</TopLeftCorner>
                <TileWidth>256</TileWidth>
                <TileHeight>256</TileHeight>
                <MatrixWidth>2</MatrixWidth>
                <MatrixHeight>2</MatrixHeight>
            </TileMatrix>
            <TileMatrix>
                <ows:Identifier>2</ows:Identifier>
                <ScaleDenominator>139770566.0071794</ScaleDenominator>
                <TopLeftCorner>-20037508.34278925 20037508.34278925</TopLeftCorner>
                <TileWidth>256</TileWidth>
                <TileHeight>256</TileHeight>
                <MatrixWidth>4</MatrixWidth>
                <MatrixHeight>4</MatrixHeight>
            </TileMatrix>
            <TileMatrix>
                <ows:Identifier>3</ows:Identifier>
                <ScaleDenominator>69885283.00358972</ScaleDenominator>
                <TopLeftCorner>-20037508.34278925 20037508.34278925</TopLeftCorner>
                <TileWidth>256</TileWidth>
                <TileHeight>256</TileHeight>
                <MatrixWidth>8</MatrixWidth>
                <MatrixHeight>8</MatrixHeight>
            </TileMatrix>
            <TileMatrix>
                <ows:Identifier>4</ows:Identifier>
                <ScaleDenominator>34942641.50179486</ScaleDenominator>
                <TopLeftCorner>-20037508.34278925 20037508.34278925</TopLeftCorner>
                <TileWidth>256</TileWidth>
                <TileHeight>256</TileHeight>
                <MatrixWidth>16</MatrixWidth>
                <MatrixHeight>16</MatrixHeight>
            </TileMatrix>
            <TileMatrix>
                <ows:Identifier>5</ows:Identifier>
                <ScaleDenominator>17471320.75089743</ScaleDenominator>
                <TopLeftCorner>-20037508.34278925 20037508.34278925</TopLeftCorner>
                <TileWidth>256</TileWidth>
                <TileHeight>256</TileHeight>
                <MatrixWidth>32</MatrixWidth>
                <MatrixHeight>32</MatrixHeight>
            </TileMatrix>
            <TileMatrix>
                <ows:Identifier>6</ows:Identifier>
                <ScaleDenominator>8735660.375448715</ScaleDenominator>
                <TopLeftCorner>-20037508.34278925 20037508.34278925</TopLeftCorner>
                <TileWidth>256</TileWidth>
                <TileHeight>256</TileHeight>
                <MatrixWidth>64</MatrixWidth>
                <MatrixHeight>64</MatrixHeight>
            </TileMatrix>
            <TileMatrix>
                <ows:Identifier>7</ows:Identifier>
                <ScaleDenominator>4367830.187724357</ScaleDenominator>
                <TopLeftCorner>-20037508.34278925 20037508.34278925</TopLeftCorner>
                <TileWidth>256</TileWidth>
                <TileHeight>256</TileHeight>
                <MatrixWidth>128</MatrixWidth>
                <MatrixHeight>128</MatrixHeight>
            </TileMatrix>
            <TileMatrix>
                <ows:Identifier>8</ows:Identifier>
                <ScaleDenominator>2183915.093862179</ScaleDenominator>
                <TopLeftCorner>-20037508.34278925 20037508.34278925</TopLeftCorner>
                <TileWidth>256</TileWidth>
                <TileHeight>256</TileHeight>
                <MatrixWidth>256</MatrixWidth>
                <MatrixHeight>256</MatrixHeight>
            </TileMatrix>
            <TileMatrix>
                <ows:Identifier>9</ows:Identifier>
                <ScaleDenominator>1091957.546931089</ScaleDenominator>
                <TopLeftCorner>-20037508.34278925 20037508.34278925</TopLeftCorner>
                <TileWidth>256</TileWidth>
                <TileHeight>256</TileHeight>
                <MatrixWidth>512</MatrixWidth>
                <MatrixHeight>512</MatrixHeight>
            </TileMatrix>
            <TileMatrix>
                <ows:Identifier>10</ows:Identifier>
                <ScaleDenominator>545978.7734655447</ScaleDenominator>
                <TopLeftCorner>-20037508.34278925 20037508.34278925</TopLeftCorner>
                <TileWidth>256</TileWidth>
                <TileHeight>256</TileHeight>
                <MatrixWidth>1024</MatrixWidth>
                <MatrixHeight>1024</MatrixHeight>
            </TileMatrix>
            <TileMatrix>
                <ows:Identifier>11</ows:Identifier>
                <ScaleDenominator>272989.3867327723</ScaleDenominator>
                <TopLeftCorner>-20037508.34278925 20037508.34278925</TopLeftCorner>
                <TileWidth>256</TileWidth>
                <TileHeight>256</TileHeight>
                <MatrixWidth>2048</MatrixWidth>
                <MatrixHeight>2048</MatrixHeight>
            </TileMatrix>
            <TileMatrix>
                <ows:Identifier>12</ows:Identifier>
                <ScaleDenominator>136494.6933663862</ScaleDenominator>
                <TopLeftCorner>-20037508.34278925 20037508.34278925</TopLeftCorner>
                <TileWidth>256</TileWidth>
                <TileHeight>256</TileHeight>
                <MatrixWidth>4096</MatrixWidth>
                <MatrixHeight>4096</MatrixHeight>
            </TileMatrix>
            <TileMatrix>
                <ows:Identifier>13</ows:Identifier>
                <ScaleDenominator>68247.34668319309</ScaleDenominator>
                <TopLeftCorner>-20037508.34278925 20037508.34278925</TopLeftCorner>
                <TileWidth>256</TileWidth>
                <TileHeight>256</TileHeight>
                <MatrixWidth>8192</MatrixWidth>
                <MatrixHeight>8192</MatrixHeight>
            </TileMatrix>
            <TileMatrix>
                <ows:Identifier>14</ows:Identifier>
                <ScaleDenominator>34123.67334159654</ScaleDenominator>
                <TopLeftCorner>-20037508.34278925 20037508.34278925</TopLeftCorner>
                <TileWidth>256</TileWidth>
                <TileHeight>256</TileHeight>
                <MatrixWidth>16384</MatrixWidth>
                <MatrixHeight>16384</MatrixHeight>
            </TileMatrix>
            <TileMatrix>
                <ows:Identifier>15</ows:Identifier>
                <ScaleDenominator>17061.83667079827</ScaleDenominator>
                <TopLeftCorner>-20037508.34278925 20037508.34278925</TopLeftCorner>
                <TileWidth>256</TileWidth>
                <TileHeight>256</TileHeight>
                <MatrixWidth>32768</MatrixWidth>
                <MatrixHeight>32768</MatrixHeight>
            </TileMatrix>
            <TileMatrix>
                <ows:Identifier>16</ows:Identifier>
                <ScaleDenominator>8530.918335399136</ScaleDenominator>
                <TopLeftCorner>-20037508.34278925 20037508.34278925</TopLeftCorner>
                <TileWidth>256</TileWidth>
                <TileHeight>256</TileHeight>
                <MatrixWidth>65536</MatrixWidth>
                <MatrixHeight>65536</MatrixHeight>
            </TileMatrix>
            <TileMatrix>
                <ows:Identifier>17</ows:Identifier>
                <ScaleDenominator>4265.459167699568</ScaleDenominator>
                <TopLeftCorner>-20037508.34278925 20037508.34278925</TopLeftCorner>
                <TileWidth>256</TileWidth>
                <TileHeight>256</TileHeight>
                <MatrixWidth>131072</MatrixWidth>
                <MatrixHeight>131072</MatrixHeight>
            </TileMatrix>
            <TileMatrix>
                <ows:Identifier>18</ows:Identifier>
                <ScaleDenominator>2132.729583849784</ScaleDenominator>
                <TopLeftCorner>-20037508.34278925 20037508.34278925</TopLeftCorner>
                <TileWidth>256</TileWidth>
                <TileHeight>256</TileHeight>
                <MatrixWidth>262144</MatrixWidth>
                <MatrixHeight>262144</MatrixHeight>
            </TileMatrix>
        </TileMatrixSet>
    </Contents>
    <ServiceMetadataURL xlink:href="https://tpwd.texas.gov/arcgis/rest/services/Vegetation_Mapping/Texas_Ecological_Mapping_Systems_Data/mapserver/WMTS/1.0.0/WMTSCapabilities.xml" />
</Capabilities>