{
  "version": 8,
  "name": "Reveal Style 2",
  "metadata": {
    "mapbox:autocomposite": true,
    "mapbox:type": "template",
    "mapbox:sdk-support": {
      "js": "0.49.0",
      "android": "6.5.0",
      "ios": "4.4.0"
    }
  },
  "center": [
    32.449160147068596,
    -14.08573404883333
  ],
  "zoom": 8.735062037248435,
  "bearing": 0,
  "pitch": 0,
  "sources": {
    "mapbox://mapbox.satellite": {
      "url": "mapbox://mapbox.satellite",
      "type": "raster",
      "tileSize": 256
    },
    "mapbox://ona.aami3tqv": {
      "url": "mapbox://ona.aami3tqv",
      "type": "raster",
      "tileSize": 256
    },
    "mapbox://ona.dr2qx0ff": {
      "url": "mapbox://ona.dr2qx0ff",
      "type": "raster",
      "tileSize": 256
    },
    "mapbox://ona.6o1nsc8i": {
      "url": "mapbox://ona.6o1nsc8i",
      "type": "raster",
      "tileSize": 256
    },
    "mapbox://ona.drl28uee": {
      "url": "mapbox://ona.drl28uee",
      "type": "raster",
      "tileSize": 256
    },
    "mapbox://ona.bnsqwty9": {
      "url": "mapbox://ona.bnsqwty9",
      "type": "raster",
      "tileSize": 256
    },
    "mapbox://ona.9a2iprg2": {
      "url": "mapbox://ona.9a2iprg2",
      "type": "raster",
      "tileSize": 256
    },
    "mapbox://ona.cxhdf96d": {
      "url": "mapbox://ona.cxhdf96d",
      "type": "raster",
      "tileSize": 256
    },
    "mapbox://ona.8ho8jh1r": {
      "url": "mapbox://ona.8ho8jh1r",
      "type": "raster",
      "tileSize": 256
    },
    "mapbox://ona.4oyul9nh": {
      "url": "mapbox://ona.4oyul9nh",
      "type": "raster",
      "tileSize": 256
    },
    "composite": {
      "url": "mapbox://ona.4gyv3btm,ona.4iwmjsgl,ona.ded4dg6g",
      "type": "vector"
    },
    "reveal-data-set": {
      "type": "geojson",
      "data": {
        "type": "FeatureCollection",
        "features": []
      }
    },
    "select-data": {
      "type": "geojson",
      "data": {
        "type": "FeatureCollection",
        "features": []
      }
    },
    "mapbox://ona.65ebjahc": {
      "url": "mapbox://ona.65ebjahc",
      "type": "raster",
      "tileSize": 256
    },
    "mapbox://ona.9yx4phdp": {
      "url": "mapbox://ona.9yx4phdp",
      "type": "raster",
      "tileSize": 256
    }
  },
  "sprite": "mapbox://sprites/ona/cjp461odq3oq22sp60oxq1qwz",
  "glyphs": "mapbox://fonts/ona/{fontstack}/{range}.pbf",
  "layers": [
    {
      "id": "background",
      "type": "background",
      "paint": {
        "background-color": "rgba(0,0,0,0)"
      }
    },
    {
      "id": "mapbox-satellite",
      "type": "raster",
      "metadata": {},
      "source": "mapbox://mapbox.satellite",
      "layout": {},
      "paint": {}
    },
    {
      "id": "Thailand 1",
      "type": "raster",
      "metadata": {},
      "source": "mapbox://ona.65ebjahc",
      "layout": {},
      "paint": {}
    },
    {
      "id": "Thailand 2",
      "type": "raster",
      "metadata": {},
      "source": "mapbox://ona.9yx4phdp",
      "layout": {},
      "paint": {}
    },
    {
      "id": "ona-aami3tqv",
      "type": "raster",
      "source": "mapbox://ona.aami3tqv",
      "layout": {},
      "paint": {}
    },
    {
      "id": "ona-dr2qx0ff",
      "type": "raster",
      "source": "mapbox://ona.dr2qx0ff",
      "layout": {},
      "paint": {}
    },
    {
      "id": "ona-6o1nsc8i",
      "type": "raster",
      "source": "mapbox://ona.6o1nsc8i",
      "layout": {},
      "paint": {}
    },
    {
      "id": "ona-bnsqwty9",
      "type": "raster",
      "source": "mapbox://ona.bnsqwty9",
      "layout": {},
      "paint": {}
    },
    {
      "id": "ona-drl28uee",
      "type": "raster",
      "source": "mapbox://ona.drl28uee",
      "layout": {},
      "paint": {}
    },
    {
      "id": "ona-9a2iprg2",
      "type": "raster",
      "source": "mapbox://ona.9a2iprg2",
      "layout": {},
      "paint": {}
    },
    {
      "id": "ona-cxhdf96d",
      "type": "raster",
      "source": "mapbox://ona.cxhdf96d",
      "layout": {},
      "paint": {}
    },
    {
      "id": "ona-8ho8jh1r",
      "type": "raster",
      "source": "mapbox://ona.8ho8jh1r",
      "layout": {},
      "paint": {}
    },
    {
      "id": "ona-4oyul9nh",
      "type": "raster",
      "source": "mapbox://ona.4oyul9nh",
      "layout": {},
      "paint": {}
    },
    {
      "id": "all-southern-sas-2018-final-47ll29",
      "type": "line",
      "source": "composite",
      "source-layer": "All_Southern_Sas_2018_final-47ll29",
      "layout": {},
      "paint": {}
    },
    {
      "id": "macepa-catchments-2018-7oyn3f",
      "type": "line",
      "source": "composite",
      "source-layer": "MACEPA_Catchments_2018-7oyn3f",
      "layout": {},
      "paint": {}
    },
    {
      "id": "macepa-districts-2018-outlines",
      "type": "line",
      "source": "composite",
      "source-layer": "MACEPA_Districts_2018-crct8o",
      "layout": {},
      "paint": {}
    },
    {
      "id": "macepa-district-names",
      "type": "symbol",
      "source": "composite",
      "source-layer": "MACEPA_Districts_2018-crct8o",
      "layout": {
        "text-field": [
          "to-string",
          [
            "get",
            "NAME"
          ]
        ]
      },
      "paint": {}
    },
    {
      "id": "macepa-catchments-2018-7oyn3f (1)",
      "type": "symbol",
      "source": "composite",
      "source-layer": "MACEPA_Catchments_2018-7oyn3f",
      "layout": {
        "text-field": [
          "get",
          "HFC_NAME"
        ]
      },
      "paint": {}
    },
    {
      "id": "reveal-data-polygons",
      "type": "fill",
      "layout": {},
      "source": "reveal-data-set",
      "filter": [
        "==",
        "$type",
        "Polygon"
      ],
      "paint": {
        "fill-color": [
          "match",
          [
            "get",
            "taskBusinessStatus"
          ],
          [
            "Not Visited"
          ],
          "hsl(46, 88%, 62%)",
          [
            "Not Sprayed",
            "Incomplete",
            "In Progress"
          ],
          "hsl(3, 71%, 54%)",
          [
            "Sprayed",
            "Complete"
          ],
          "hsl(89, 52%, 48%)",
          [
            "Not Sprayable",
            "Not Eligible"
          ],
          "hsl(0, 0%, 9%)",
          "hsl(0, 0%, 78%)"
        ],
        "fill-opacity": [
          "match",
          [
            "get",
            "taskBusinessStatus"
          ],
          [
            "Not Visited"
          ],
          1,
          [
            "Not Sprayed"
          ],
          1,
          [
            "Sprayed"
          ],
          1,
          [
            "Not Sprayable"
          ],
          1,
          0.75
        ],
        "fill-outline-color": "rgb(0, 0, 0)"
      }
    },
    {
      "id": "reveal-data-points",
      "type": "circle",
      "source": "reveal-data-set",
      "filter": [
        "==",
        "$type",
        "Point"
      ],
      "layout": {},
      "paint": {
        "circle-radius": [
          "interpolate",
          [
            "linear"
          ],
          [
            "zoom"
          ],
          13.98,
          0,
          17.79,
          10,
          18.8,
          15
        ],
        "circle-color": [
          "match",
          [
            "get",
            "taskBusinessStatus"
          ],
          [
            "Not Visited"
          ],
          "hsl(46, 88%, 62%)",
          [
            "Not Sprayed",
            "Incomplete",
            "In Progress"
          ],
          "hsl(3, 71%, 54%)",
          [
            "Sprayed",
            "Complete"
          ],
          "hsl(89, 52%, 48%)",
          [
            "Not Sprayable",
            "Not Eligible"
          ],
          "hsl(0, 0%, 9%)",
          "hsl(0, 0%, 78%)"
        ],
        "circle-stroke-width": 1
      }
    },
    {
      "id": "select-layer-polygons",
      "type": "fill",
      "source": "select-data",
      "filter": [
        "==",
        "$type",
        "Polygon"
      ],
      "layout": {},
      "paint": {
        "fill-outline-color": "rgb(0, 0, 0)",
        "fill-opacity": 1,
        "fill-color": "hsl(26, 84%, 56%)"
      }
    },
    {
      "id": "select-layer-circles",
      "type": "circle",
      "source": "select-data",
      "filter": [
        "==",
        "$type",
        "Point"
      ],
      "paint": {
        "circle-color": "hsl(26, 84%, 56%)",
        "circle-radius": [
          "interpolate",
          [
            "linear"
          ],
          [
            "zoom"
          ],
          13.98,
          0,
          17.79,
          10,
          18.8,
          15
        ],
        "circle-stroke-width": 1
      }
    }
  ],
  "created": "2018-11-30T15:11:36.899Z",
  "id": "cjp461odq3oq22sp60oxq1qwz",
  "modified": "2018-11-30T15:12:41.272Z",
  "owner": "ona",
  "visibility": "private",
  "draft": false
}