{
  "type": "FeatureCollection",
  "features": [
    {
      "id": 90347,
      "type": "Feature",
      "geometry": {
        "type": "Polygon",
        "coordinates": [
          [
            [
              32.5987837,
              -14.1706623
            ],
            [
              32.5987653,
              -14.1706953
            ],
            [
              32.5987923,
              -14.1707094
            ],
            [
              32.5988107,
              -14.1706764
            ],
            [
              32.5987837,
              -14.1706623
            ]
          ]
        ]
      },
      "parent": "3734",
      "properties": {
        "uid": "df0a2f5c-7873-4ad0-b144-1310d3fc3032",
        "code": "535622498",
        "type": "Residential Structure",
        "status": "Active",
        "version": 0,
        "taskBusinessStatus": "Not Visited",
        "spray_date": null,
        "sprayed": null,
        "reason": null
      }
    },
    {
      "id": 90357,
      "type": "Feature",
      "geometry": {
        "type": "Polygon",
        "coordinates": [
          [
            [
              32.5975931,
              -14.1686895
            ],
            [
              32.5975724,
              -14.1687345
            ],
            [
              32.5976334,
              -14.1687609
            ],
            [
              32.5976541,
              -14.1687159
            ],
            [
              32.5975931,
              -14.1686895
            ]
          ]
        ]
      },
      "parent": "3734",
      "properties": {
        "uid": "38342ddf-71e9-47a8-b482-b13a46e89de5",
        "code": 535622519,
        "type": "Residential Structure",
        "status": "Active",
        "version": 0,
        "taskBusinessStatus": "Not Visited",
        "spray_date": null,
        "sprayed": null,
        "reason": null
      }
    },
    {
      "id": 90358,
      "type": "Feature",
      "geometry": {
        "type": "Polygon",
        "coordinates": [
          [
            [
              32.5977221,
              -14.1687483
            ],
            [
              32.5976948,
              -14.1687864
            ],
            [
              32.5977342,
              -14.168813
            ],
            [
              32.5977616,
              -14.168775
            ],
            [
              32.5977221,
              -14.1687483
            ]
          ]
        ]
      },
      "parent": 3734,
      "properties": {
        "uid": "0358be8f-3bb9-4312-a02b-f93aa7db6644",
        "code": "535622522",
        "type": "Residential Structure",
        "status": "Active",
        "version": 0,
        "taskBusinessStatus": "Not Visited",
        "spray_date": null,
        "sprayed": null,
        "reason": null
      }
    },
    {
      "id": 90386,
      "type": "Feature",
      "geometry": {
        "type": "Polygon",
        "coordinates": [
          [
            [
              32.59840392113915,
              -14.168908757622578
            ],
            [
              32.59840320666338,
              -14.168901724112901
            ],
            [
              32.59840109069294,
              -14.16889496089686
            ],
            [
              32.5983976545434,
              -14.16888872788108
            ],
            [
              32.59839303026406,
              -14.1688832645969
            ],
            [
              32.59838739556339,
              -14.168878780995351
            ],
            [
              32.59838096697977,
              -14.168875449378787
            ],
            [
              32.59837399156006,
              -14.16887339777942
            ],
            [
              32.59836673736573,
              -14.168872705039076
            ],
            [
              32.5983594831714,
              -14.16887339777942
            ],
            [
              32.598352507751684,
              -14.168875449378787
            ],
            [
              32.59834607916806,
              -14.168878780995351
            ],
            [
              32.59834044446739,
              -14.1688832645969
            ],
            [
              32.598335820188055,
              -14.16888872788108
            ],
            [
              32.59833238403852,
              -14.16889496089686
            ],
            [
              32.59833026806808,
              -14.168901724112901
            ],
            [
              32.59832955359231,
              -14.168908757622578
            ],
            [
              32.59833026806808,
              -14.16891579113204
            ],
            [
              32.59833238403852,
              -14.168922554347468
            ],
            [
              32.598335820188055,
              -14.168928787362333
            ],
            [
              32.59834044446739,
              -14.168934250645394
            ],
            [
              32.59834607916806,
              -14.168938734245849
            ],
            [
              32.598352507751684,
              -14.168942065861485
            ],
            [
              32.5983594831714,
              -14.168944117460228
            ],
            [
              32.59836673736573,
              -14.168944810200356
            ],
            [
              32.59837399156006,
              -14.168944117460228
            ],
            [
              32.59838096697977,
              -14.168942065861485
            ],
            [
              32.59838739556339,
              -14.168938734245849
            ],
            [
              32.59839303026406,
              -14.168934250645394
            ],
            [
              32.5983976545434,
              -14.168928787362333
            ],
            [
              32.59840109069294,
              -14.168922554347468
            ],
            [
              32.59840320666338,
              -14.16891579113204
            ],
            [
              32.59840392113915,
              -14.168908757622578
            ]
          ]
        ]
      },
      "parent": "3734",
      "properties": {
        "uid": "75bcc618-420f-4605-83ff-5ca912d26bbc",
        "code": "21427443",
        "type": "Residential Structure",
        "status": "Active",
        "version": 0,
        "taskBusinessStatus": "Not Sprayed",
        "spray_date": "2017-11-01",
        "sprayed": "notsprayed",
        "reason": "Locked"
      }
    },
    {
      "id": 90388,
      "type": "Feature",
      "geometry": {
        "type": "Polygon",
        "coordinates": [
          [
            [
              32.5988215,
              -14.1700941
            ],
            [
              32.5987976,
              -14.170142
            ],
            [
              32.5988409,
              -14.1701623
            ],
            [
              32.5988648,
              -14.1701144
            ],
            [
              32.5988215,
              -14.1700941
            ]
          ]
        ]
      },
      "parent": "3734",
      "properties": {
        "uid": "94a28f4b-d16a-4fe6-a1c0-1134bb50ba79",
        "code": "21384685",
        "type": "Non-Residential Structure",
        "status": "Active",
        "version": 0,
        "taskBusinessStatus": "Not Eligible",
        "spray_date": "2017-10-31",
        "sprayed": "noteligible",
        "reason": null
      }
    },
    {
      "id": 90393,
      "type": "Feature",
      "geometry": {
        "type": "Polygon",
        "coordinates": [
          [
            [
              32.5969414,
              -14.1704649
            ],
            [
              32.5969192,
              -14.1705078
            ],
            [
              32.5969706,
              -14.1705328
            ],
            [
              32.5969927,
              -14.1704899
            ],
            [
              32.5969414,
              -14.1704649
            ]
          ]
        ]
      },
      "parent": "3734",
      "properties": {
        "uid": "6fd9025a-3198-432c-a193-0f3434d461b0",
        "code": "21384422",
        "type": "Non-Residential Structure",
        "status": "Active",
        "version": 0,
        "taskBusinessStatus": "Not Eligible",
        "spray_date": "2017-10-31",
        "sprayed": "noteligible",
        "reason": null
      }
    },
    {
      "id": 90397,
      "type": "Feature",
      "geometry": {
        "type": "Polygon",
        "coordinates": [
          [
            [
              32.5978597,
              -14.1699446
            ],
            [
              32.5978434,
              -14.1699784
            ],
            [
              32.5978794,
              -14.1699947
            ],
            [
              32.5978956,
              -14.1699609
            ],
            [
              32.5978597,
              -14.1699446
            ]
          ]
        ]
      },
      "parent": "3734",
      "properties": {
        "uid": "41587456-b7c8-4c4e-b433-23a786f742fc",
        "code": "21384443",
        "type": "Residential Structure",
        "status": "Active",
        "version": 0,
        "taskBusinessStatus": "Sprayed",
        "spray_date": "2017-10-31",
        "sprayed": "sprayed",
        "reason": null
      }
    },
    {
      "type": "Feature",
      "properties": {},
      "geometry": {
        "type": "Polygon",
        "coordinates": [
          [
            [
              32.59807974100113,
              -14.169202626556165
            ],
            [
              32.59800732135773,
              -14.169246836893786
            ],
            [
              32.59802609682083,
              -14.169337858149971
            ],
            [
              32.59815752506256,
              -14.16931445268759
            ],
            [
              32.59807974100113,
              -14.169202626556165
            ]
          ]
        ]
      }
    },
    {
      "type": "Feature",
      "properties": {},
      "geometry": {
        "type": "Point",
        "coordinates": [
          32.596601843833916,
          -14.168913958845941
        ]
      }
    },
    {
      "type": "Feature",
      "properties": {},
      "geometry": {
        "type": "Polygon",
        "coordinates": [
          [
            [
              32.596164643764496,
              -14.169350861183597
            ],
            [
              32.59633094072342,
              -14.169350861183597
            ],
            [
              32.59633094072342,
              -14.169200025947806
            ],
            [
              32.596164643764496,
              -14.169200025947806
            ],
            [
              32.596164643764496,
              -14.169350861183597
            ]
          ]
        ]
      }
    }
  ]
}